brand_name,model,price,rating,has_5g,has_nfc,has_ir_blaster,processor_brand,num_cores,processor_speed,battery_capacity,fast_charging_available,fast_charging,ram_capacity,internal_memory,screen_size,refresh_rate,num_rear_cameras,num_front_cameras,os,primary_camera_rear,primary_camera_front,extended_memory_available,extended_upto,resolution_width,resolution_height
oneplus,OnePlus Nord CE 2 Lite 5G,19989,81.0,True,False,False,snapdragon,8.0,2.2,5000.0,1,33.0,6.0,128.0,6.59,120,3,1.0,android,64.0,16.0,1,1024.0,1080,2412
samsung,Samsung Galaxy A14 5G,16499,75.0,True,False,False,exynos,8.0,2.4,5000.0,1,15.0,4.0,64.0,6.6,90,3,1.0,android,50.0,13.0,1,1024.0,1080,2408
samsung,Samsung Galaxy F23 5G (6GB RAM + 128GB),16999,80.0,True,True,False,snapdragon,8.0,2.2,5000.0,1,25.0,6.0,128.0,6.6,120,3,1.0,android,50.0,8.0,1,1024.0,1080,2408
realme,Realme 10 Pro,18999,82.0,True,False,False,snapdragon,8.0,2.2,5000.0,1,33.0,6.0,128.0,6.72,120,2,1.0,android,108.0,16.0,1,1024.0,1080,2400
vivo,Vivo T1 5G (6GB RAM + 128GB),16990,80.0,True,False,False,snapdragon,8.0,2.2,5000.0,1,18.0,6.0,128.0,6.58,120,3,1.0,android,50.0,16.0,1,1024.0,1080,2408
vivo,Vivo Y22,14499,72.0,False,False,False,helio,8.0,2.0,5000.0,1,18.0,4.0,64.0,6.55,60,2,1.0,android,50.0,8.0,1,1024.0,720,1612
poco,Poco X4 Pro 5G,14999,80.0,True,False,True,snapdragon,8.0,2.2,5000.0,1,67.0,6.0,64.0,6.67,120,3,1.0,android,64.0,16.0,1,1024.0,1080,2400
xiaomi,Xiaomi Redmi Note 12,17859,76.0,True,False,True,snapdragon,8.0,2.0,5000.0,1,33.0,4.0,128.0,6.67,120,3,1.0,android,48.0,13.0,1,1024.0,1080,2400
oneplus,OnePlus Nord CE 2 Lite 5G (8GB RAM + 128GB),21995,84.0,True,False,False,snapdragon,8.0,2.2,5000.0,1,33.0,8.0,128.0,6.59,120,3,1.0,android,64.0,16.0,1,1024.0,1080,2412
vivo,Vivo V25 5G,27999,83.0,True,False,False,dimensity,8.0,2.0,4500.0,1,44.0,8.0,128.0,6.44,90,3,1.0,android,64.0,50.0,1,1024.0,1080,2408
realme,Realme 10 Pro (8GB RAM + 128GB),19999,84.0,True,False,False,snapdragon,8.0,2.2,5000.0,1,33.0,8.0,128.0,6.72,120,2,1.0,android,108.0,16.0,1,1024.0,1080,2400
samsung,Samsung Galaxy M53 5G,23790,85.0,True,False,False,dimensity,8.0,2.4,5000.0,1,25.0,6.0,128.0,6.7,120,4,1.0,android,108.0,32.0,1,1024.0,1080,2400
oppo,Oppo Reno 8T,29990,87.0,True,True,False,snapdragon,8.0,2.2,5000.0,1,66.0,8.0,256.0,6.67,120,3,1.0,android,108.0,16.0,1,1024.0,1080,2400
xiaomi,Xiaomi Redmi Note 12 Pro Max 5G,32999,83.0,True,False,True,snapdragon,8.0,2.36,5200.0,1,210.0,6.0,128.0,6.67,120,4,1.0,android,108.0,32.0,1,512.0,1080,2460
oneplus,OnePlus Nord CE 3 5G,21999,83.0,True,True,False,snapdragon,8.0,2.2,5000.0,1,67.0,6.0,128.0,6.7,120,3,1.0,android,108.0,16.0,1,1024.0,1080,2412
xiaomi,Xiaomi Redmi Note 11 Pro Plus 5G,19999,83.0,True,False,True,snapdragon,8.0,2.2,5000.0,1,67.0,6.0,128.0,6.67,120,3,1.0,android,108.0,16.0,1,1024.0,1080,2400
motorola,Motorola Edge 20 Fusion 5G,18999,87.0,True,True,False,dimensity,8.0,2.4,5000.0,1,30.0,6.0,128.0,6.67,90,3,1.0,android,108.0,32.0,1,1024.0,1080,2400
vivo,Vivo Y35,18499,80.0,False,False,False,snapdragon,8.0,2.4,5000.0,1,44.0,8.0,128.0,6.58,90,3,1.0,android,50.0,16.0,1,1024.0,1080,2408
samsung,Samsung Galaxy M33 5G,17478,81.0,True,True,False,exynos,8.0,2.4,6000.0,1,25.0,6.0,128.0,6.6,120,4,1.0,android,50.0,8.0,1,1024.0,1080,2400
xiaomi,Xiaomi Redmi Note 11,11936,76.0,False,False,True,snapdragon,8.0,2.4,5000.0,1,33.0,4.0,64.0,6.43,90,4,1.0,android,50.0,13.0,1,512.0,1080,2400
samsung,Samsung Galaxy A14 5G (6GB RAM + 128GB),18999,79.0,True,False,False,exynos,8.0,2.4,5000.0,1,15.0,6.0,128.0,6.6,90,3,1.0,android,50.0,13.0,1,1024.0,1080,2408
jio,Jio JioPhone 5G,11990,64.0,True,False,False,snapdragon,8.0,2.2,5000.0,1,18.0,4.0,32.0,6.5,90,1,1.0,android,13.0,8.0,1,512.0,720,1600
motorola,Motorola Moto G82 5G,18999,83.0,True,True,False,snapdragon,8.0,2.2,5000.0,1,30.0,6.0,128.0,6.6,120,3,1.0,android,50.0,16.0,1,1024.0,1080,2400
realme,Realme 10,13999,74.0,False,False,False,helio,8.0,2.2,5000.0,1,33.0,4.0,64.0,6.4,90,2,1.0,android,50.0,16.0,1,1024.0,1080,2400
realme,Realme 9i 5G,14965,75.0,True,False,False,dimensity,8.0,2.4,5000.0,1,18.0,4.0,64.0,6.6,90,3,1.0,android,50.0,8.0,1,1024.0,1080,2408
xiaomi,Xiaomi Redmi Note 10S,10999,78.0,False,False,True,helio,8.0,2.05,5000.0,1,33.0,6.0,64.0,6.43,60,4,1.0,android,64.0,13.0,1,512.0,1080,2400
motorola,Motorola Moto G32,10499,75.0,False,False,False,snapdragon,8.0,2.4,5000.0,1,33.0,4.0,64.0,6.55,90,3,1.0,android,50.0,16.0,1,1024.0,1080,2400
samsung,Samsung Galaxy A23,18499,79.0,False,False,False,snapdragon,8.0,2.4,5000.0,1,25.0,6.0,128.0,6.6,60,4,1.0,android,50.0,8.0,1,1024.0,1080,2408
vivo,Vivo Y22 (6GB RAM + 128GB),16499,75.0,False,False,False,helio,8.0,2.0,5000.0,1,18.0,6.0,128.0,6.55,60,2,1.0,android,50.0,8.0,1,1024.0,720,1612
poco,Poco M4 Pro 5G (6GB RAM + 128GB),14999,81.0,True,False,True,dimensity,8.0,2.4,5000.0,1,33.0,6.0,128.0,6.6,90,2,1.0,android,50.0,16.0,1,1024.0,1080,2400
samsung,Samsung Galaxy F23 5G,15999,78.0,True,True,False,snapdragon,8.0,2.2,5000.0,1,25.0,4.0,128.0,6.6,120,3,1.0,android,50.0,8.0,1,1024.0,1080,2408
iqoo,iQOO Z6 Lite 5G,13989,75.0,True,False,False,snapdragon,8.0,2.0,5000.0,1,18.0,4.0,64.0,6.58,120,2,1.0,android,50.0,8.0,1,1024.0,1080,2408
xiaomi,Xiaomi Redmi Note 10T 5G (6GB RAM +128GB),13999,79.0,True,False,True,dimensity,8.0,2.2,5000.0,1,18.0,6.0,128.0,6.5,90,3,1.0,android,48.0,8.0,1,1024.0,1080,2400
oppo,OPPO F22 Pro,27660,83.0,True,False,False,snapdragon,8.0,2.2,4800.0,1,67.0,8.0,128.0,6.58,120,3,1.0,android,64.0,32.0,1,1024.0,1080,2400
samsung,Samsung Galaxy A14 5G (8GB RAM + 128GB),20999,82.0,True,False,False,exynos,8.0,2.4,5000.0,1,15.0,8.0,128.0,6.6,90,3,1.0,android,50.0,13.0,1,1024.0,1080,2408
realme,Realme 9 5G,13999,75.0,True,False,False,dimensity,8.0,2.4,5000.0,1,18.0,4.0,64.0,6.5,90,3,1.0,android,48.0,16.0,1,1024.0,1080,2400
vivo,Vivo T1 5G (8GB RAM + 128GB),19990,83.0,True,False,False,snapdragon,8.0,2.2,5000.0,1,18.0,8.0,128.0,6.58,120,3,1.0,android,50.0,16.0,1,1024.0,1080,2408
samsung,Samsung Galaxy M13 5G,13999,75.0,True,False,False,dimensity,8.0,2.2,5000.0,1,15.0,6.0,128.0,6.5,90,2,1.0,android,50.0,5.0,1,1024.0,720,1600
samsung,Samsung Galaxy A23 5G,22999,79.0,True,False,False,snapdragon,8.0,2.2,5000.0,1,25.0,6.0,128.0,6.6,120,4,1.0,android,50.0,8.0,1,1024.0,1080,2408
oppo,OPPO K10 5G,16999,79.0,True,False,False,dimensity,8.0,2.4,5000.0,1,33.0,8.0,128.0,6.56,90,2,1.0,android,48.0,8.0,1,1024.0,720,1612
xiaomi,Xiaomi Redmi Note 11 (6GB RAM + 128GB),14290,80.0,False,False,True,snapdragon,8.0,2.4,5000.0,1,33.0,6.0,128.0,6.43,90,4,1.0,android,50.0,13.0,1,512.0,1080,2400
vivo,Vivo Y21 2021,13489,69.0,False,False,False,helio,8.0,2.3,5000.0,1,18.0,4.0,64.0,6.51,60,2,1.0,android,13.0,8.0,1,1024.0,720,1600
realme,Realme 9i,12499,75.0,False,False,False,snapdragon,8.0,2.4,5000.0,1,33.0,4.0,64.0,6.6,90,3,1.0,android,50.0,16.0,1,1024.0,1080,2412
vivo,Vivo T1 5G,15990,78.0,True,False,False,snapdragon,8.0,2.2,5000.0,1,18.0,4.0,128.0,6.58,120,3,1.0,android,50.0,16.0,1,1024.0,1080,2408
xiaomi,Xiaomi Redmi Note 11 Pro Max 5G,19999,83.0,True,False,True,snapdragon,8.0,2.4,5200.0,1,33.0,6.0,128.0,6.67,120,4,1.0,android,108.0,32.0,1,512.0,1080,2400
realme,Realme 10s,12999,80.0,True,False,False,dimensity,8.0,2.4,5000.0,1,33.0,8.0,128.0,6.6,90,2,1.0,android,50.0,8.0,1,1024.0,1080,2408
oppo,OPPO F19 Pro Plus 5G,19990,82.0,True,False,False,dimensity,8.0,2.4,4310.0,1,50.0,8.0,128.0,6.43,60,4,1.0,android,48.0,16.0,1,256.0,1080,2400
vivo,Vivo T1 44W (6GB RAM + 128GB),15999,79.0,False,False,False,snapdragon,8.0,2.4,5000.0,1,44.0,6.0,128.0,6.44,60,3,1.0,android,50.0,16.0,1,1024.0,1080,2408
samsung,Samsung Galaxy A53 5G,31999,87.0,True,True,False,exynos,8.0,2.4,5000.0,1,25.0,6.0,128.0,6.5,120,4,1.0,android,64.0,32.0,1,1024.0,1080,2400
samsung,Samsung Galaxy M53 5G (8GB RAM + 128GB),25289,87.0,True,False,False,dimensity,8.0,2.4,5000.0,1,25.0,8.0,128.0,6.7,120,4,1.0,android,108.0,32.0,1,1024.0,1080,2400
infinix,Infinix Note 12 Pro 5G,18999,84.0,True,False,False,dimensity,8.0,2.4,5000.0,1,33.0,8.0,128.0,6.7,60,3,1.0,android,108.0,16.0,1,2048.0,1080,2400
samsung,Samsung Galaxy M33 5G (8GB RAM + 128GB),19499,84.0,True,True,False,exynos,8.0,2.4,6000.0,1,25.0,8.0,128.0,6.6,120,4,1.0,android,50.0,8.0,1,1024.0,1080,2400
motorola,Motorola Moto G42,10999,78.0,False,True,False,snapdragon,8.0,2.4,5000.0,1,20.0,4.0,64.0,6.47,60,3,1.0,android,50.0,16.0,1,1024.0,1080,2400
oneplus,OnePlus Nord CE 2 Lite 5G (8GB RAM + 256GB),24999,85.0,True,False,False,snapdragon,8.0,2.2,5000.0,1,33.0,8.0,256.0,6.59,120,3,1.0,android,64.0,16.0,1,1024.0,1080,2412
samsung,Samsung Galaxy A33 5G,25999,82.0,True,True,False,exynos,8.0,2.4,5000.0,1,25.0,6.0,128.0,6.4,90,4,1.0,android,48.0,13.0,1,1024.0,1080,2400
xiaomi,Xiaomi Redmi 11 Prime 5G,13466,74.0,True,False,True,dimensity,8.0,2.2,5000.0,1,18.0,4.0,64.0,6.58,90,2,1.0,android,50.0,5.0,1,512.0,1080,2408
xiaomi,Xiaomi Redmi Note 10 Lite,9999,76.0,False,False,True,snapdragon,8.0,2.3,5020.0,1,18.0,4.0,64.0,6.67,60,4,1.0,android,48.0,16.0,1,512.0,1080,2400
poco,Poco X4 Pro 5G (6GB RAM + 128GB),16499,82.0,True,False,True,snapdragon,8.0,2.2,5000.0,1,67.0,6.0,128.0,6.67,120,3,1.0,android,64.0,16.0,1,1024.0,1080,2400
xiaomi,Xiaomi Redmi Note 11 Pro Plus 5G (8GB RAM + 256GB),22999,87.0,True,False,True,snapdragon,8.0,2.2,5000.0,1,67.0,8.0,256.0,6.67,120,3,1.0,android,108.0,16.0,1,1024.0,1080,2400
realme,Realme C35 (6GB RAM + 128GB),13999,74.0,False,False,False,tiger,8.0,1.8,5000.0,1,18.0,6.0,128.0,6.6,90,3,1.0,android,50.0,8.0,1,1024.0,1080,2408
oppo,OPPO K10,13490,78.0,False,False,False,snapdragon,8.0,2.4,5000.0,1,33.0,6.0,128.0,6.59,90,3,1.0,android,50.0,16.0,1,1024.0,1080,2412
iqoo,iQOO Z6 5G,15499,78.0,True,False,False,snapdragon,8.0,2.2,5000.0,1,18.0,4.0,128.0,6.58,120,3,1.0,android,50.0,16.0,1,1024.0,1080,2408
poco,Poco M4 Pro 5G,12999,76.0,True,False,True,dimensity,8.0,2.4,5000.0,1,33.0,4.0,64.0,6.6,90,2,1.0,android,50.0,16.0,1,1024.0,1080,2400
samsung,Samsung Galaxy F04,8499,68.0,False,False,False,helio,8.0,2.3,5000.0,1,15.0,4.0,64.0,6.5,60,2,1.0,android,13.0,5.0,1,1024.0,720,1600
xiaomi,Xiaomi Redmi 10,9589,71.0,False,False,False,snapdragon,8.0,2.4,6000.0,1,18.0,4.0,64.0,6.7,60,2,1.0,android,50.0,5.0,1,512.0,720,1600
xiaomi,Xiaomi Redmi Note 12 (6GB RAM + 128GB),19988,79.0,True,False,True,snapdragon,8.0,2.0,5000.0,1,33.0,6.0,128.0,6.67,120,3,1.0,android,48.0,13.0,1,1024.0,1080,2400
oppo,Oppo A98,30990,87.0,True,True,False,snapdragon,8.0,3.0,5000.0,1,67.0,8.0,128.0,6.7,120,2,1.0,android,108.0,16.0,1,1024.0,1080,2412
infinix,Infinix Zero 5G 2023,19499,85.0,True,False,False,dimensity,8.0,2.6,5000.0,1,33.0,8.0,256.0,6.78,120,3,1.0,android,50.0,16.0,1,256.0,1080,2460
oppo,OPPO F21 Pro 5G,25969,82.0,True,False,False,snapdragon,8.0,2.2,4500.0,1,33.0,8.0,128.0,6.43,60,3,1.0,android,64.0,16.0,1,1024.0,1080,2400
realme,Realme 11 Pro,28999,82.0,True,False,False,snapdragon,8.0,3.0,5000.0,1,65.0,6.0,128.0,6.4,120,3,1.0,android,64.0,32.0,1,256.0,1080,2400
realme,Realme 9 4G,14999,81.0,False,False,False,snapdragon,8.0,2.4,5000.0,1,33.0,6.0,128.0,6.4,90,3,1.0,android,108.0,16.0,1,256.0,1080,2400
cola,Cola Phone,14999,74.0,False,False,False,helio,8.0,2.2,5000.0,1,33.0,4.0,64.0,6.4,90,2,1.0,android,50.0,16.0,1,1024.0,1080,2400
samsung,Samsung Galaxy F13,10999,74.0,False,True,False,exynos,8.0,2.0,6000.0,1,15.0,4.0,64.0,6.6,60,3,1.0,android,50.0,8.0,1,1024.0,2408,1080
xiaomi,Xiaomi Redmi Note 10S (6GB RAM + 128GB),11999,79.0,False,False,True,helio,8.0,2.05,5000.0,1,33.0,6.0,128.0,6.43,60,4,1.0,android,64.0,13.0,1,512.0,1080,2400
realme,Realme 10 (8GB RAM + 128GB),16999,79.0,False,False,False,helio,8.0,2.2,5000.0,1,33.0,8.0,128.0,6.4,90,2,1.0,android,50.0,16.0,1,1024.0,1080,2400
infinix,Infinix Hot 20,17999,75.0,True,False,False,dimensity,8.0,2.4,5000.0,1,18.0,4.0,64.0,6.6,120,2,1.0,android,50.0,8.0,1,1024.0,1080,2408
xiaomi,Xiaomi Redmi Note 13 Pro Max 5G,20499,83.0,True,False,True,snapdragon,8.0,2.36,5200.0,1,67.0,6.0,128.0,6.67,120,4,1.0,android,108.0,32.0,1,512.0,1080,2460
realme,Realme Narzo 50 Pro 5G,20490,81.0,True,False,False,dimensity,8.0,2.5,5000.0,1,33.0,6.0,128.0,6.4,90,3,1.0,android,48.0,16.0,1,256.0,1080,2400
iqoo,iQOO Z6 Lite (6GB RAM + 128GB),15499,79.0,True,False,False,snapdragon,8.0,2.0,5000.0,1,18.0,6.0,128.0,6.58,120,2,1.0,android,50.0,8.0,1,1024.0,1080,2408
xiaomi,Xiaomi Redmi Note 11SE,11999,80.0,False,False,True,helio,8.0,2.05,5000.0,1,33.0,6.0,64.0,6.43,60,4,1.0,android,64.0,13.0,1,512.0,1080,2400
realme,Realme Narzo 50,10999,74.0,False,False,False,helio,8.0,2.0,5000.0,1,33.0,4.0,64.0,6.6,120,3,1.0,android,50.0,16.0,1,256.0,1080,2412
vivo,Vivo V25 (12GB RAM + 256GB),31999,85.0,True,False,False,dimensity,8.0,2.0,4500.0,1,44.0,12.0,256.0,6.44,90,3,1.0,android,64.0,50.0,1,1024.0,1080,2408
poco,POCO M4 Pro 4G,11999,77.0,False,False,True,helio,8.0,2.05,5000.0,1,33.0,6.0,64.0,6.43,90,3,1.0,android,64.0,16.0,1,1024.0,1080,2400
tecno,Tecno Spark Go 2023,6999,62.0,False,False,False,helio,4.0,2.0,5000.0,1,10.0,3.0,32.0,6.56,60,2,1.0,android,13.0,5.0,1,256.0,720,1600
samsung,Samsung Galaxy F24 5G,14999,78.0,True,True,False,snapdragon,8.0,2.2,5000.0,1,25.0,4.0,128.0,6.6,120,3,1.0,android,50.0,8.0,1,1024.0,1080,2408
realme,Realme 10 5G,14499,79.0,True,False,False,dimensity,8.0,2.2,5000.0,1,33.0,8.0,128.0,6.6,90,3,1.0,android,50.0,8.0,1,1024.0,1080,2408
motorola,Motorola Moto G82 (8GB RAM + 128GB),20499,86.0,True,True,False,snapdragon,8.0,2.2,5000.0,1,30.0,8.0,128.0,6.6,120,3,1.0,android,50.0,16.0,1,1024.0,1080,2400
samsung,Samsung Galaxy M54 5G,34999,85.0,True,False,False,snapdragon,8.0,2.84,6000.0,1,25.0,6.0,128.0,6.67,90,3,1.0,android,64.0,32.0,1,1024.0,1080,2412
realme,Realme C35,11828,70.0,False,False,False,tiger,8.0,1.8,5000.0,1,18.0,4.0,64.0,6.6,60,3,1.0,android,50.0,8.0,1,1024.0,1080,2408
oneplus,OnePlus Nord CE 3 Lite 5G,18999,81.0,True,False,False,snapdragon,8.0,2.2,5000.0,1,33.0,6.0,128.0,6.59,120,3,1.0,android,50.0,16.0,1,1024.0,1080,2412
poco,Poco X4 Pro 5G (8GB RAM + 128GB),17999,84.0,True,False,True,snapdragon,8.0,2.2,5000.0,1,67.0,8.0,128.0,6.67,120,3,1.0,android,64.0,16.0,1,1024.0,1080,2400
samsung,Samsung Galaxy M04,8499,66.0,False,False,False,helio,8.0,2.3,5000.0,1,15.0,4.0,64.0,6.5,60,2,1.0,android,13.0,5.0,1,1024.0,720,1600
poco,Poco M4 5G,11499,75.0,True,False,True,dimensity,8.0,2.2,5000.0,1,18.0,4.0,64.0,6.58,90,2,1.0,android,50.0,8.0,1,512.0,1080,2400
tecno,Tecno Pova 4,11999,73.0,False,False,False,helio,8.0,2.2,6000.0,1,18.0,8.0,128.0,6.82,90,2,1.0,android,50.0,8.0,1,512.0,720,1600
realme,Realme 9 5G (6GB RAM + 128GB),15499,79.0,True,False,False,dimensity,8.0,2.4,5000.0,1,18.0,6.0,128.0,6.5,90,3,1.0,android,48.0,16.0,1,1024.0,1080,2400
realme,Realme 9 Pro 5G,18999,80.0,True,False,False,snapdragon,8.0,2.2,5000.0,1,33.0,6.0,128.0,6.6,120,3,1.0,android,64.0,16.0,1,256.0,1080,2412
tecno,Tecno Pova 3,9999,74.0,False,False,False,helio,8.0,2.0,7000.0,1,33.0,4.0,64.0,6.95,90,3,1.0,android,50.0,8.0,1,256.0,1080,2460
realme,Realme 9i 5G (6GB RAM + 128GB),16999,78.0,True,False,False,dimensity,8.0,2.4,5000.0,1,18.0,6.0,128.0,6.6,90,3,1.0,android,50.0,8.0,1,1024.0,1080,2408
xiaomi,Xiaomi Redmi Note 11 (6GB RAM + 64GB),12188,79.0,False,False,True,snapdragon,8.0,2.4,5000.0,1,33.0,6.0,64.0,6.43,90,4,1.0,android,50.0,13.0,1,512.0,1080,2400
realme,Realme Narzo 50 5G,17999,79.0,True,False,False,dimensity,8.0,2.4,5000.0,1,33.0,6.0,128.0,6.6,90,3,1.0,android,48.0,16.0,1,1024.0,1080,2400
oppo,OPPO A58,18990,76.0,True,False,False,dimensity,8.0,2.2,5000.0,1,33.0,6.0,128.0,6.56,90,2,1.0,android,50.0,8.0,1,1024.0,720,1612
vivo,Vivo T1 44W,14499,77.0,False,False,False,snapdragon,8.0,2.4,5000.0,1,44.0,4.0,128.0,6.44,60,3,1.0,android,50.0,16.0,1,1024.0,1080,2408
oppo,OPPO Reno 8 Z,26990,86.0,True,True,False,snapdragon,8.0,2.2,4500.0,1,33.0,8.0,256.0,6.43,60,3,1.0,android,64.0,16.0,1,1024.0,1080,2400
vivo,Vivo Y75 4G,19990,82.0,False,False,False,helio,8.0,2.05,4050.0,1,44.0,8.0,128.0,6.44,60,3,1.0,android,50.0,44.0,1,1024.0,1080,2400
xiaomi,Xiaomi Redmi Note 12 Explorer,24999,89.0,True,True,True,dimensity,8.0,2.6,4300.0,1,120.0,8.0,256.0,6.67,120,3,1.0,android,200.0,16.0,1,512.0,1080,2400
vivo,Vivo T1 Pro 5G (8GB RAM + 128GB),24999,84.0,True,False,False,snapdragon,8.0,2.4,4700.0,1,66.0,8.0,128.0,6.44,90,3,1.0,android,64.0,16.0,1,1024.0,1080,2404
xiaomi,Xiaomi Redmi Note 11T 5G (6GB RAM + 128GB),16999,81.0,True,False,True,dimensity,8.0,2.4,5000.0,1,33.0,6.0,128.0,6.6,90,2,1.0,android,50.0,16.0,1,1024.0,1080,2400
oppo,OPPO F21s Pro 4G,21899,82.0,False,False,False,snapdragon,8.0,2.4,4500.0,1,33.0,8.0,128.0,6.43,90,3,1.0,android,64.0,32.0,1,512.0,1080,2400
motorola,Motorola Moto G31,9999,75.0,False,False,False,helio,8.0,2.0,5000.0,1,20.0,4.0,64.0,6.47,60,3,1.0,android,50.0,13.0,1,1024.0,1080,2400
infinix,Infinix Zero 20,17999,87.0,False,True,False,helio,8.0,2.2,4500.0,1,45.0,8.0,128.0,6.7,90,3,1.0,android,108.0,60.0,1,2048.0,1080,2400
iqoo,iQOO Z6 5G (6GB RAM + 128GB),16940,80.0,True,False,False,snapdragon,8.0,2.2,5000.0,1,18.0,6.0,128.0,6.58,120,3,1.0,android,50.0,16.0,1,1024.0,1080,2408
oppo,OPPO A1 Pro,20990,84.0,True,True,False,snapdragon,8.0,2.2,4800.0,1,67.0,8.0,128.0,6.7,120,2,1.0,android,108.0,16.0,1,1024.0,1080,2412
motorola,Motorola Moto G23,19999,77.0,False,True,False,helio,8.0,2.0,5000.0,1,30.0,4.0,128.0,6.5,90,3,1.0,android,50.0,16.0,1,512.0,720,1600
poco,Poco M4 5G (6GB RAM + 128GB),13499,79.0,True,False,True,dimensity,8.0,2.2,5000.0,1,18.0,6.0,128.0,6.58,90,2,1.0,android,50.0,8.0,1,512.0,1080,2400
tecno,Tecno Pova 5G,15499,78.0,True,False,False,dimensity,8.0,2.4,6000.0,1,18.0,8.0,128.0,6.9,120,3,1.0,android,50.0,16.0,1,512.0,1080,2460
samsung,Samsung Galaxy A53 (8GB RAM + 256GB),36499,89.0,True,True,False,exynos,8.0,2.4,5000.0,1,25.0,8.0,256.0,6.5,120,4,1.0,android,64.0,32.0,1,1024.0,1080,2400
infinix,Infinix Note 12 5G,15999,78.0,True,False,False,dimensity,8.0,2.4,5000.0,1,33.0,6.0,64.0,6.7,60,3,1.0,android,50.0,16.0,1,2048.0,1080,2400
redmi,Redmi Note 11 Pro 2023,18999,81.0,False,False,True,snapdragon,8.0,2.3,5000.0,1,67.0,6.0,128.0,6.67,120,4,1.0,android,108.0,16.0,1,1024.0,1080,2400
samsung,Samsung Galaxy A32 (8GB RAM + 128GB),16499,82.0,False,False,False,helio,8.0,2.0,5000.0,1,15.0,8.0,128.0,6.4,90,4,1.0,android,64.0,20.0,1,1024.0,1080,2400
infinix,Infinix Note 12i (2022),9999,73.0,False,False,False,helio,8.0,2.0,5000.0,1,33.0,4.0,64.0,6.7,60,3,1.0,android,50.0,8.0,1,512.0,1080,2400
xiaomi,Xiaomi Redmi 11 Prime 5G (6GB RAM + 128GB),15990,77.0,True,False,True,dimensity,8.0,2.2,5000.0,1,18.0,6.0,128.0,6.58,90,2,1.0,android,50.0,5.0,1,512.0,1080,2408
xiaomi,Xiaomi Redmi Note 11 Pro Plus 5G (8GB RAM + 128GB),22700,86.0,True,False,True,snapdragon,8.0,2.2,5000.0,1,67.0,8.0,128.0,6.67,120,3,1.0,android,108.0,16.0,1,1024.0,1080,2400
tecno,Tecno Pova 3 (6GB RAM + 128GB),13799,77.0,False,False,False,helio,8.0,2.0,7000.0,1,33.0,6.0,128.0,6.9,90,3,1.0,android,50.0,8.0,1,256.0,1080,2460
xiaomi,Xiaomi Redmi Note 10T 5G,12999,75.0,True,False,True,dimensity,8.0,2.2,5000.0,1,18.0,4.0,64.0,6.5,90,3,1.0,android,48.0,8.0,1,1024.0,1080,2400
samsung,Samsung Galaxy A23 (8GB RAM + 128GB),19990,82.0,False,False,False,snapdragon,8.0,2.4,5000.0,1,25.0,8.0,128.0,6.6,60,4,1.0,android,50.0,8.0,1,1024.0,1080,2408
infinix,Infinix Note 12 Pro,16900,83.0,False,False,False,helio,8.0,2.2,5000.0,1,33.0,8.0,256.0,6.7,60,3,1.0,android,108.0,16.0,1,2048.0,1080,2400
infinix,Infinix Hot 20 (6GB RAM+ 128GB),19999,78.0,True,False,False,dimensity,8.0,2.4,5000.0,1,18.0,6.0,128.0,6.6,120,2,1.0,android,50.0,8.0,1,1024.0,1080,2408
samsung,Samsung Galaxy M13,12999,75.0,False,False,False,exynos,8.0,2.0,6000.0,1,15.0,6.0,128.0,6.6,60,3,1.0,android,50.0,8.0,1,1024.0,1080,2400
poco,Poco M4 Pro 5G (8GB RAM + 128GB),15999,82.0,True,False,True,dimensity,8.0,2.4,5000.0,1,33.0,8.0,128.0,6.6,90,2,1.0,android,50.0,16.0,1,1024.0,1080,2400
xiaomi,Xiaomi Redmi Note 10S (8GB RAM + 128GB),13999,82.0,False,False,True,helio,8.0,2.05,5000.0,1,33.0,8.0,128.0,6.43,60,4,1.0,android,64.0,13.0,1,512.0,1080,2400
samsung,Samsung Galaxy A23 5G (8GB RAM + 128GB),24999,81.0,True,False,False,snapdragon,8.0,2.2,5000.0,1,25.0,8.0,128.0,6.6,120,4,1.0,android,50.0,8.0,1,1024.0,1080,2408
oppo,OPPO F21s Pro,25895,82.0,True,False,False,snapdragon,8.0,2.2,4500.0,1,33.0,8.0,128.0,6.43,60,3,1.0,android,64.0,16.0,1,512.0,1080,2400
xiaomi,Xiaomi Redmi 10 (6GB RAM + 128GB),11999,75.0,False,False,False,snapdragon,8.0,2.4,6000.0,1,18.0,6.0,128.0,6.7,60,2,1.0,android,50.0,5.0,1,512.0,720,1600
oppo,OPPO Reno7 5G,25994,85.0,True,True,False,dimensity,8.0,2.0,4500.0,1,65.0,8.0,256.0,6.43,90,3,1.0,android,64.0,32.0,1,1024.0,1080,2400
samsung,Samsung Galaxy A53 5G (8GB RAM + 128GB),33499,89.0,True,True,False,exynos,8.0,2.4,5000.0,1,25.0,8.0,128.0,6.5,120,4,1.0,android,64.0,32.0,1,1024.0,1080,2400
samsung,Samsung Galaxy M13 5G (4GB RAM + 64GB),12944,71.0,True,False,False,dimensity,8.0,2.2,5000.0,1,15.0,4.0,64.0,6.5,90,2,1.0,android,50.0,5.0,1,1024.0,720,1600
samsung,Samsung Galaxy A33 5G (8GB RAM + 128GB),27499,85.0,True,True,False,exynos,8.0,2.4,5000.0,1,25.0,8.0,128.0,6.4,90,4,1.0,android,48.0,13.0,1,1024.0,1080,2400
xiaomi,Xiaomi Redmi Note 10 Pro (6GB RAM + 128GB),17999,81.0,False,False,True,snapdragon,8.0,2.3,5020.0,1,33.0,6.0,128.0,6.67,120,4,1.0,android,64.0,16.0,1,512.0,1080,2400
infinix,Infinix Hot 20 Play,8999,67.0,False,False,False,helio,8.0,2.3,6000.0,1,18.0,4.0,64.0,6.82,90,2,1.0,android,13.0,8.0,1,256.0,720,1640
oppo,OPPO F23 Pro,19990,82.0,True,False,False,snapdragon,8.0,2.2,4500.0,1,33.0,8.0,128.0,6.5,90,3,1.0,android,64.0,32.0,1,256.0,1080,2400
realme,Realme 9 5G SE (8GB RAM + 128GB),22998,82.0,True,False,False,snapdragon,8.0,2.4,5000.0,1,30.0,8.0,128.0,6.6,144,3,1.0,android,48.0,16.0,1,1024.0,1080,2412
infinix,Infinix Note 12,11700,74.0,False,False,False,helio,8.0,2.0,5000.0,1,33.0,4.0,64.0,6.7,60,3,1.0,android,50.0,16.0,1,512.0,2400,1080
motorola,Motorola Moto G60,15999,84.0,False,True,False,snapdragon,8.0,2.3,6000.0,1,20.0,6.0,128.0,6.78,120,3,1.0,android,108.0,32.0,1,1024.0,1080,2460
xiaomi,Xiaomi Redmi Note 11S,14590,80.0,False,False,True,helio,8.0,2.05,5000.0,1,33.0,6.0,64.0,6.43,90,4,1.0,android,108.0,16.0,1,512.0,1080,2400
poco,POCO M4 Pro 4G (6GB RAM + 128GB),12999,79.0,False,False,True,helio,8.0,2.05,5000.0,1,33.0,6.0,128.0,6.43,90,3,1.0,android,64.0,16.0,1,1024.0,1080,2400
motorola,Motorola Moto G53,21999,79.0,True,True,False,snapdragon,8.0,2.2,5000.0,1,10.0,4.0,128.0,6.5,120,2,1.0,android,50.0,16.0,1,1024.0,720,1600
motorola,Motorola Moto G22,9499,75.0,False,False,False,helio,8.0,2.3,5000.0,1,20.0,4.0,64.0,6.53,90,4,1.0,android,50.0,16.0,1,1024.0,720,1600
xiaomi,Xiaomi Redmi 9i Sport,7499,66.0,False,False,False,helio,8.0,2.0,5000.0,1,10.0,4.0,64.0,6.53,60,1,1.0,android,13.0,5.0,1,512.0,720,1600
vivo,Vivo Y22s,14990,77.0,False,False,False,snapdragon,8.0,2.4,5000.0,1,18.0,8.0,128.0,6.55,90,2,1.0,android,50.0,8.0,1,1024.0,1612,720
realme,Realme 9 4G (8GB RAM + 128GB),15999,84.0,False,False,False,snapdragon,8.0,2.4,5000.0,1,33.0,8.0,128.0,6.4,90,3,1.0,android,108.0,16.0,1,256.0,1080,2400
xiaomi,Xiaomi Redmi Note 11T 5G (8GB RAM + 128GB),18499,83.0,True,False,True,dimensity,8.0,2.4,5000.0,1,33.0,8.0,128.0,6.6,90,2,1.0,android,50.0,16.0,1,1024.0,1080,2400
poco,Poco X3,13499,80.0,False,False,True,snapdragon,8.0,2.3,6000.0,1,33.0,6.0,64.0,6.67,120,4,1.0,android,64.0,20.0,1,512.0,1080,2400
samsung,Samsung Galaxy S20 FE,35489,86.0,False,True,False,exynos,8.0,2.73,4500.0,1,25.0,8.0,128.0,6.5,120,3,1.0,android,12.0,32.0,1,1024.0,1080,2400
samsung,Samsung Galaxy S10 Plus,42999,81.0,False,True,False,exynos,8.0,2.7,4100.0,1,15.0,8.0,128.0,6.4,60,3,2.0,android,16.0,10.0,1,512.0,1440,3040
oppo,OPPO F21 Pro 4G,20999,82.0,False,False,False,snapdragon,8.0,2.4,4500.0,1,33.0,8.0,128.0,6.5,90,3,1.0,android,64.0,32.0,1,256.0,1080,2400
samsung,Samsung Galaxy A71,22494,86.0,False,False,False,snapdragon,8.0,2.2,4500.0,1,25.0,8.0,128.0,6.7,60,4,1.0,android,64.0,32.0,1,1024.0,1080,2400
iqoo,iQOO Z6 5G (8GB RAM + 128GB),18498,82.0,True,False,False,snapdragon,8.0,2.2,5000.0,1,18.0,8.0,128.0,6.58,120,3,1.0,android,50.0,16.0,1,1024.0,1080,2408
vivo,Vivo T1 Pro,23999,81.0,True,False,False,snapdragon,8.0,2.4,4700.0,1,66.0,6.0,128.0,6.44,90,3,1.0,android,64.0,16.0,1,1024.0,1080,2404
samsung,Samsung Galaxy A04s,12990,71.0,False,False,False,exynos,8.0,2.0,5000.0,1,15.0,4.0,64.0,6.5,90,3,1.0,android,50.0,5.0,1,1024.0,720,1600
realme,Realme 9i (6GB RAM + 128GB),14999,78.0,False,False,False,snapdragon,8.0,2.4,5000.0,1,33.0,6.0,128.0,6.6,90,3,1.0,android,50.0,16.0,1,1024.0,1080,2412
realme,Realme 8 5G (8GB RAM + 128GB),18499,80.0,True,False,False,dimensity,8.0,2.2,5000.0,1,18.0,8.0,128.0,6.5,90,3,1.0,android,48.0,16.0,1,1024.0,1080,2400
oppo,OPPO F19,14990,78.0,False,False,False,snapdragon,8.0,2.0,5000.0,1,33.0,6.0,128.0,6.4,60,3,1.0,android,48.0,16.0,1,256.0,1080,2400
samsung,Samsung Galaxy M32 Prime Edition,12120,75.0,False,False,False,helio,8.0,2.0,6000.0,1,15.0,4.0,64.0,6.4,90,4,1.0,android,64.0,20.0,1,1024.0,1080,2400
realme,Realme 9 Pro 5G (8GB RAM + 128GB),20999,82.0,True,False,False,snapdragon,8.0,2.2,5000.0,1,33.0,8.0,128.0,6.6,120,3,1.0,android,64.0,16.0,1,256.0,1080,2412
xiaomi,Xiaomi Redmi Note 10 Lite (6GB RAM + 128GB),11999,80.0,False,False,True,snapdragon,8.0,2.3,5020.0,1,18.0,6.0,128.0,6.67,60,4,1.0,android,48.0,16.0,1,512.0,1080,2400
xiaomi,Xiaomi Redmi Note 11 5G,14990,77.0,True,False,True,dimensity,8.0,2.4,5000.0,1,33.0,4.0,128.0,6.6,90,2,1.0,android,50.0,16.0,1,512.0,1080,2400
realme,Realme 9i (4GB RAM + 128GB),13999,75.0,False,False,False,snapdragon,8.0,2.4,5000.0,1,33.0,4.0,128.0,6.6,90,3,1.0,android,50.0,16.0,1,1024.0,1080,2412
xiaomi,Xiaomi Redmi Note 11T 5G,16999,79.0,True,False,True,dimensity,8.0,2.4,5000.0,1,33.0,6.0,64.0,6.6,90,2,1.0,android,50.0,16.0,1,1024.0,1080,2400
xiaomi,Xiaomi Mi 11i 5G,23499,81.0,True,False,True,dimensity,8.0,2.5,5160.0,1,67.0,6.0,128.0,6.67,120,3,1.0,android,108.0,16.0,1,1024.0,2400,1080
realme,Realme 9 5G SE,18999,80.0,True,False,False,snapdragon,8.0,2.4,5000.0,1,30.0,6.0,128.0,6.6,144,3,1.0,android,48.0,16.0,1,1024.0,1080,2412
samsung,Samsung Galaxy A03,7249,66.0,False,False,False,unisoc,8.0,1.6,5000.0,1,15.0,3.0,32.0,6.5,60,2,1.0,android,48.0,5.0,1,1024.0,720,1560
oppo,OPPO A55 4G (6GB RAM + 128GB),14700,76.0,False,False,False,helio,8.0,2.3,5000.0,1,18.0,6.0,128.0,6.51,60,3,1.0,android,50.0,16.0,1,256.0,720,1600
xiaomi,Xiaomi Redmi Note 10,13990,75.0,False,False,True,snapdragon,8.0,2.2,5000.0,1,33.0,4.0,64.0,6.43,60,4,1.0,android,48.0,13.0,1,512.0,1080,2400
samsung,Samsung Galaxy M32 Prime Edition (6GB RAM + 128GB),14859,79.0,False,False,False,helio,8.0,2.0,6000.0,1,15.0,6.0,128.0,6.4,90,4,1.0,android,64.0,20.0,1,1024.0,1080,2400
tecno,Tecno Camon 19 Pro Mondrian Edition,17999,84.0,False,True,False,helio,8.0,2.05,5000.0,1,33.0,8.0,128.0,6.8,120,3,1.0,android,64.0,32.0,1,512.0,1080,2460
motorola,Motorola Moto E32,8999,71.0,False,False,False,helio,8.0,2.3,5000.0,1,10.0,4.0,64.0,6.5,90,2,1.0,android,50.0,8.0,1,1024.0,720,1600
xiaomi,Xiaomi Redmi Note 11S (8GB RAM + 128GB),15824,84.0,False,False,True,helio,8.0,2.05,5000.0,1,33.0,8.0,128.0,6.43,90,4,1.0,android,108.0,16.0,1,512.0,1080,2400
samsung,Samsung Galaxy A52 (8GB RAM + 128GB),22494,86.0,False,False,False,snapdragon,8.0,2.3,4500.0,1,25.0,8.0,128.0,6.5,90,4,1.0,android,64.0,32.0,1,1024.0,1080,2400
samsung,Samsung Galaxy A32,16499,80.0,False,False,False,helio,8.0,2.0,5000.0,1,15.0,6.0,128.0,6.4,90,4,1.0,android,64.0,20.0,1,1024.0,1080,2400
motorola,Motorola Moto G13,15999,75.0,False,True,False,helio,8.0,2.0,5000.0,1,10.0,4.0,128.0,6.5,90,3,1.0,android,50.0,8.0,1,512.0,720,1600
realme,Realme C35 (4GB RAM + 128GB),12787,71.0,False,False,False,tiger,8.0,1.8,5000.0,1,18.0,4.0,128.0,6.6,90,3,1.0,android,50.0,8.0,1,1024.0,1080,2408
infinix,Infinix Hot 12,9999,72.0,False,False,False,helio,8.0,2.3,6000.0,1,18.0,4.0,64.0,6.82,90,3,1.0,android,50.0,8.0,1,512.0,720,1640
vivo,Vivo Y53s,15490,79.0,False,False,False,helio,8.0,2.0,5000.0,1,19.0,8.0,128.0,6.58,60,3,1.0,android,64.0,16.0,1,1024.0,1080,2408
samsung,Samsung Galaxy M04 (4GB RAM + 128GB),9499,68.0,False,False,False,helio,8.0,2.3,5000.0,1,15.0,4.0,128.0,6.5,60,2,1.0,android,13.0,5.0,1,1024.0,720,1600
xiaomi,Xiaomi Redmi 10 Prime,12390,74.0,False,False,True,helio,8.0,2.0,6000.0,1,18.0,4.0,64.0,6.5,90,4,1.0,android,50.0,8.0,1,512.0,1080,2400
samsung,Samsung Galaxy F13 (4GB RAM + 128GB),11999,75.0,False,True,False,exynos,8.0,2.0,6000.0,1,15.0,4.0,128.0,6.6,60,3,1.0,android,50.0,8.0,1,1024.0,2408,1080
nokia,Nokia G11 Plus,10499,70.0,False,False,False,unisoc,8.0,1.6,5000.0,1,10.0,4.0,64.0,6.52,90,2,1.0,android,50.0,8.0,1,512.0,720,1600
infinix,Infinix Hot 12 Play,8910,66.0,False,False,False,tiger,8.0,1.82,6000.0,1,18.0,4.0,64.0,6.82,90,2,1.0,android,13.0,8.0,1,256.0,1640,720
vivo,Vivo T2 5G,24990,85.0,True,False,False,snapdragon,8.0,3.2,4700.0,1,80.0,8.0,128.0,6.62,120,3,1.0,android,64.0,16.0,1,1024.0,1080,2400
infinix,Infinix Zero X Pro,21990,85.0,True,False,False,helio,8.0,2.05,4500.0,1,45.0,8.0,128.0,6.67,120,3,1.0,android,108.0,16.0,1,512.0,1080,2400
samsung,Samsung Galaxy M32,12364,76.0,False,False,False,helio,8.0,2.0,6000.0,1,15.0,4.0,64.0,6.4,90,4,1.0,android,64.0,20.0,1,1024.0,1080,2400
samsung,Samsung Galaxy A82 5G,39990,86.0,True,True,False,snapdragon,8.0,2.96,4500.0,1,25.0,6.0,128.0,6.71,120,3,1.0,android,64.0,10.0,1,1024.0,1440,3200
motorola,Motorola Moto E13,10499,65.0,False,False,False,tiger,8.0,2.0,5000.0,1,10.0,2.0,64.0,6.5,60,1,1.0,android,13.0,5.0,1,1024.0,720,1600
huawei,Huawei Mate 50 RS Porsche Design,239999,81.0,False,True,True,snapdragon,8.0,3.2,4700.0,1,66.0,12.0,512.0,6.74,120,3,1.0,other,50.0,13.0,1,256.0,1212,2616
samsung,Samsung Galaxy F63,21999,84.0,True,True,False,dimensity,8.0,2.0,7000.0,1,33.0,6.0,128.0,6.7,60,4,1.0,android,64.0,32.0,1,1024.0,1080,2400
iqoo,iQOO Z6 4G (6GB RAM + 128GB),15999,80.0,False,False,False,snapdragon,8.0,2.4,5000.0,1,44.0,6.0,128.0,6.44,120,3,1.0,android,50.0,16.0,1,1024.0,1080,2400
tecno,Tecno Pova 4 Pro,15999,74.0,False,False,False,helio,8.0,2.2,6000.0,1,45.0,8.0,256.0,6.66,90,2,1.0,android,50.0,8.0,1,1024.0,720,1600
realme,Realme Narzo 50 5G (4GB RAM + 128GB),14999,76.0,True,False,False,dimensity,8.0,2.4,5000.0,1,33.0,4.0,128.0,6.6,90,3,1.0,android,48.0,16.0,1,1024.0,1080,2400
vivo,Vivo Y77 5G,17990,76.0,True,False,False,dimensity,8.0,2.2,4500.0,1,80.0,6.0,128.0,6.64,120,2,1.0,android,50.0,8.0,1,1024.0,1080,2388
xiaomi,Xiaomi Redmi 11 Prime,11600,74.0,False,False,True,helio,8.0,2.2,5000.0,1,18.0,4.0,64.0,6.58,90,3,1.0,android,50.0,8.0,1,512.0,1080,2400
motorola,Motorola Moto G31 (6GB RAM+ 128GB),11999,78.0,False,False,False,helio,8.0,2.0,5000.0,1,20.0,6.0,128.0,6.47,60,3,1.0,android,50.0,13.0,1,1024.0,1080,2400
xiaomi,Xiaomi Redmi A1 Plus,7289,60.0,False,False,False,helio,4.0,2.0,5000.0,1,10.0,2.0,32.0,6.52,60,2,1.0,android,8.0,5.0,1,512.0,720,1600
realme,Realme Narzo 50 (6GB RAM + 128GB),15499,77.0,False,False,False,helio,8.0,2.0,5000.0,1,33.0,6.0,128.0,6.6,120,3,1.0,android,50.0,16.0,1,256.0,1080,2412
samsung,Samsung Galaxy M32 (6GB RAM + 128GB),14490,80.0,False,False,False,helio,8.0,2.0,6000.0,1,15.0,6.0,128.0,6.4,90,4,1.0,android,64.0,20.0,1,1024.0,1080,2400
samsung,Samsung Galaxy F42 5G,15490,80.0,True,False,False,dimensity,8.0,2.2,5000.0,1,15.0,6.0,128.0,6.6,90,3,1.0,android,64.0,8.0,1,1024.0,1080,2408
poco,POCO M3 Pro 5G,15999,75.0,True,False,True,dimensity,8.0,2.2,5000.0,1,18.0,4.0,64.0,6.5,90,3,1.0,android,48.0,8.0,1,1024.0,1080,2400
samsung,Samsung Galaxy M13 (4GB RAM + 64GB),10630,71.0,False,False,False,exynos,8.0,2.0,6000.0,1,15.0,4.0,64.0,6.6,60,3,1.0,android,50.0,8.0,1,1024.0,1080,2400
iqoo,iQOO Z6 4G,14489,77.0,False,False,False,snapdragon,8.0,2.4,5000.0,1,44.0,4.0,128.0,6.44,120,3,1.0,android,50.0,16.0,1,1024.0,1080,2400
vivo,Vivo V20,23269,85.0,False,False,False,snapdragon,8.0,2.3,4000.0,1,33.0,8.0,128.0,6.44,60,3,1.0,android,64.0,44.0,1,1024.0,1080,2400
xiaomi,Xiaomi Redmi Note 9 Pro,13999,75.0,False,False,True,snapdragon,8.0,2.3,5020.0,1,18.0,4.0,64.0,6.67,60,4,1.0,android,48.0,16.0,1,512.0,1080,2400
nokia,Nokia C31,9499,62.0,False,False,False,unisoc,8.0,1.6,5050.0,1,10.0,3.0,32.0,6.74,60,3,1.0,android,13.0,5.0,1,256.0,720,1600
infinix,Infinix Hot 12 Pro (8GB RAM+ 128GB),12340,76.0,False,False,False,tiger,8.0,2.0,5000.0,1,18.0,8.0,128.0,6.6,90,2,1.0,android,50.0,8.0,1,256.0,720,1612
poco,Poco M5,10799,74.0,False,False,True,helio,8.0,2.2,5000.0,1,18.0,4.0,64.0,6.58,90,3,1.0,android,50.0,8.0,1,512.0,1080,2400
xiaomi,Xiaomi Redmi 10C (4GB RAM + 128GB),14990,73.0,False,False,False,snapdragon,8.0,2.4,6000.0,1,18.0,4.0,128.0,6.7,60,2,1.0,android,50.0,5.0,1,512.0,720,1600
oppo,OPPO K10 (8GB RAM + 128GB),16990,80.0,False,False,False,snapdragon,8.0,2.4,5000.0,1,33.0,8.0,128.0,6.59,90,3,1.0,android,50.0,16.0,1,1024.0,1080,2412
nokia,Nokia X100 5G,17990,82.0,True,True,False,snapdragon,8.0,2.0,4470.0,1,18.0,6.0,128.0,6.67,60,4,1.0,android,48.0,16.0,1,1024.0,1080,2400
realme,Realme 8s 5G (8GB RAM + 128GB),17499,82.0,True,False,False,dimensity,8.0,2.4,5000.0,1,33.0,8.0,128.0,6.5,90,3,1.0,android,64.0,16.0,1,1024.0,1080,2400
realme,Realme 8s 5G,17999,80.0,True,False,False,dimensity,8.0,2.4,5000.0,1,33.0,6.0,128.0,6.5,90,3,1.0,android,64.0,16.0,1,1024.0,1080,2400
xiaomi,Xiaomi Redmi Note 10 Pro Max (6GB RAM + 128GB),19980,82.0,False,False,True,snapdragon,8.0,2.3,5020.0,1,33.0,6.0,128.0,6.67,120,4,1.0,android,108.0,16.0,1,512.0,1080,2400
realme,Realme 8,15999,78.0,False,False,False,helio,8.0,2.0,5000.0,1,30.0,4.0,128.0,6.4,60,4,1.0,android,64.0,16.0,1,256.0,1080,2400
samsung,Samsung Galaxy S20,41999,88.0,False,True,False,exynos,8.0,2.73,4000.0,1,25.0,8.0,128.0,6.2,120,3,1.0,android,64.0,10.0,1,1024.0,1440,3200
motorola,Motorola Moto E32s,7990,65.0,False,False,False,helio,8.0,1.8,5000.0,1,18.0,3.0,32.0,6.5,90,3,1.0,android,16.0,8.0,1,1024.0,720,1600
oppo,OPPO F23 Pro Plus 5G,27990,83.0,True,False,False,snapdragon,8.0,2.36,4500.0,1,65.0,8.0,128.0,6.43,90,4,1.0,android,50.0,16.0,1,256.0,1080,2460
poco,POCO M4 Pro 4G (8GB RAM + 128GB),13999,81.0,False,False,True,helio,8.0,2.05,5000.0,1,33.0,8.0,128.0,6.43,90,3,1.0,android,64.0,16.0,1,1024.0,1080,2400
realme,Realme Narzo 50A,11499,71.0,False,False,False,helio,8.0,2.0,6000.0,1,18.0,4.0,64.0,6.5,60,3,1.0,android,50.0,8.0,1,256.0,720,1600
samsung,Samsung Galaxy A32 5G,24499,79.0,True,True,False,dimensity,8.0,2.0,5000.0,1,15.0,6.0,128.0,6.5,90,4,1.0,android,48.0,13.0,1,1024.0,720,1600
xiaomi,Xiaomi Redmi Note 9 Pro Max,16490,80.0,False,False,True,snapdragon,8.0,2.3,5020.0,1,33.0,6.0,64.0,6.67,60,4,1.0,android,64.0,32.0,1,512.0,1080,2400
samsung,Samsung Galaxy A52,24990,83.0,False,False,False,snapdragon,8.0,2.3,4500.0,1,25.0,6.0,128.0,6.5,90,4,1.0,android,64.0,32.0,1,1024.0,1080,2400
oppo,Oppo Reno 8T 4G,19999,83.0,False,True,False,helio,8.0,2.2,5000.0,1,66.0,8.0,256.0,6.67,120,3,1.0,android,50.0,16.0,1,1024.0,1080,2400
nokia,Nokia G21 (6GB RAM + 128GB),13499,75.0,False,False,False,unisoc,8.0,1.6,5050.0,1,18.0,6.0,128.0,6.5,90,3,1.0,android,50.0,8.0,1,512.0,720,1600
xiaomi,Xiaomi Redmi 10C,13990,71.0,False,False,False,snapdragon,8.0,2.4,6000.0,1,18.0,4.0,64.0,6.7,60,2,1.0,android,50.0,5.0,1,512.0,720,1600
xiaomi,Xiaomi 11i HyperCharge 5G,24820,83.0,True,False,True,dimensity,8.0,2.5,4500.0,1,120.0,6.0,128.0,6.67,120,3,1.0,android,108.0,16.0,1,1024.0,2400,1080
xiaomi,Xiaomi Redmi Note 10 5G,12490,76.0,True,False,True,dimensity,8.0,2.2,5000.0,1,18.0,4.0,128.0,6.5,90,3,1.0,android,48.0,8.0,1,512.0,1080,2400
vivo,Vivo Y20G,13990,69.0,False,False,False,helio,8.0,2.0,5000.0,1,18.0,4.0,64.0,6.51,60,3,1.0,android,13.0,8.0,1,256.0,720,1600
samsung,Samsung Galaxy A22 5G,17990,79.0,True,False,False,dimensity,8.0,2.2,5000.0,1,15.0,6.0,128.0,6.6,90,3,1.0,android,48.0,8.0,1,1024.0,1080,2408
realme,Realme 7 Pro (8GB RAM + 128GB),21999,85.0,False,False,False,snapdragon,8.0,2.3,4500.0,1,65.0,8.0,128.0,6.4,60,4,1.0,android,64.0,32.0,1,256.0,1080,2400
sony,Sony Xperia Ace IV,19990,80.0,False,True,False,snapdragon,8.0,2.0,5000.0,1,33.0,8.0,128.0,6.5,120,2,1.0,android,50.0,16.0,1,1024.0,1080,2400
xiaomi,Xiaomi Redmi Note 12 4G,13999,75.0,False,False,True,helio,8.0,2.2,5000.0,1,33.0,4.0,64.0,6.67,120,3,1.0,android,48.0,13.0,1,1024.0,1080,2400
xiaomi,Xiaomi Redmi Note 11T Pro 5G,19990,82.0,True,True,True,dimensity,8.0,2.85,5080.0,1,67.0,6.0,128.0,6.6,144,3,1.0,android,64.0,16.0,1,1024.0,1080,2460
realme,Realme Narzo 50 Pro 5G (8GB RAM + 128GB),22999,83.0,True,False,False,dimensity,8.0,2.5,5000.0,1,33.0,8.0,128.0,6.4,90,3,1.0,android,48.0,16.0,1,1024.0,1080,2400
vivo,Vivo T1 44W (8GB RAM + 128GB),17999,82.0,False,False,False,snapdragon,8.0,2.4,5000.0,1,44.0,8.0,128.0,6.44,60,3,1.0,android,50.0,16.0,1,1024.0,1080,2408
xiaomi,Xiaomi Redmi Note 11S (6GB RAM + 128GB),15499,81.0,False,False,True,helio,8.0,2.05,5000.0,1,33.0,6.0,128.0,6.43,90,4,1.0,android,108.0,16.0,1,512.0,1080,2400
lava,Lava Agni 5G,17990,84.0,True,False,False,dimensity,8.0,2.4,5000.0,1,30.0,8.0,128.0,6.78,90,4,1.0,android,64.0,16.0,1,1024.0,1080,2460
realme,Realme 8i (6GB RAM + 128GB),13999,77.0,False,False,False,helio,8.0,2.05,5000.0,1,18.0,6.0,128.0,6.6,120,3,1.0,android,50.0,16.0,1,256.0,1080,2412
oppo,OPPO A55 4G,13499,73.0,False,False,False,helio,8.0,2.3,5000.0,1,18.0,4.0,64.0,6.51,60,3,1.0,android,50.0,16.0,1,256.0,720,1600
poco,POCO M3 Pro 5G (6GB RAM + 128GB),14799,79.0,True,False,True,dimensity,8.0,2.2,5000.0,1,18.0,6.0,128.0,6.5,90,3,1.0,android,48.0,8.0,1,1024.0,1080,2400
realme,Realme C30s (4GB RAM + 64GB),8990,62.0,False,False,False,unisoc,8.0,1.6,5000.0,1,10.0,4.0,64.0,6.5,60,1,1.0,android,8.0,5.0,1,1024.0,720,1600
samsung,Samsung Galaxy A83 5G,39990,86.0,True,True,False,snapdragon,8.0,3.2,4500.0,1,25.0,6.0,128.0,6.71,120,3,1.0,android,64.0,10.0,1,1024.0,1440,3200
vivo,Vivo Y33s,16685,80.0,False,False,False,helio,8.0,2.0,5000.0,1,18.0,8.0,128.0,6.58,60,3,1.0,android,50.0,16.0,1,1024.0,1080,2408
realme,Realme 8 5G,16499,75.0,True,False,False,dimensity,8.0,2.2,5000.0,1,18.0,4.0,128.0,6.5,90,3,1.0,android,48.0,16.0,1,1024.0,1080,2400
infinix,Infinix Hot 12 Pro,10850,74.0,False,False,False,tiger,8.0,2.0,5000.0,1,18.0,6.0,64.0,6.6,90,2,1.0,android,50.0,8.0,1,256.0,720,1612
realme,Realme Narzo 50 5G (4GB RAM + 64GB),13499,75.0,True,False,False,dimensity,8.0,2.4,5000.0,1,33.0,4.0,64.0,6.6,90,3,1.0,android,48.0,16.0,1,1024.0,1080,2400
itel,itel Vision 3,6699,61.0,False,False,False,unisoc,8.0,1.6,5000.0,1,18.0,3.0,64.0,6.6,60,2,1.0,android,8.0,5.0,1,128.0,1612,720
realme,Realme C25Y (4GB RAM + 64GB),8999,69.0,False,False,False,tiger,8.0,1.8,5000.0,1,18.0,4.0,64.0,6.5,60,3,1.0,android,50.0,8.0,1,256.0,1600,720
tecno,Tecno Camon 19,14746,79.0,False,True,False,helio,8.0,2.0,5000.0,1,18.0,6.0,128.0,6.8,60,3,1.0,android,64.0,16.0,1,512.0,1080,2460
xiaomi,Xiaomi Redmi Note 10 (6GB RAM + 128GB),16499,78.0,False,False,True,snapdragon,8.0,2.2,5000.0,1,33.0,6.0,128.0,6.43,60,4,1.0,android,48.0,13.0,1,512.0,1080,2400
xiaomi,Xiaomi Redmi Note 10 Pro Max,19999,81.0,False,False,True,snapdragon,8.0,2.3,5020.0,1,33.0,6.0,64.0,6.67,120,4,1.0,android,108.0,16.0,1,512.0,1080,2400
motorola,Motorola One Fusion Plus,19499,80.0,False,False,False,snapdragon,8.0,2.2,5000.0,1,18.0,6.0,128.0,6.5,60,4,1.0,android,64.0,16.0,1,1024.0,1080,2340
samsung,Samsung Galaxy Note 10 Lite,39999,83.0,False,True,False,exynos,8.0,2.7,4500.0,1,25.0,6.0,128.0,6.7,60,3,1.0,android,12.0,32.0,1,1024.0,1080,2400
samsung,Samsung Galaxy A04s (4GB RAM + 128GB),14499,72.0,False,False,False,exynos,8.0,2.0,5000.0,1,15.0,4.0,128.0,6.5,90,3,1.0,android,50.0,5.0,1,1024.0,720,1600
vivo,Vivo Y35 5G,13999,70.0,True,False,False,dimensity,8.0,2.2,5000.0,1,15.0,4.0,128.0,6.51,60,2,1.0,android,13.0,5.0,1,1024.0,720,1600
xiaomi,Xiaomi Redmi Note 11R,12990,73.0,True,False,True,dimensity,8.0,2.2,5000.0,1,18.0,4.0,128.0,6.58,90,2,1.0,android,13.0,5.0,1,512.0,1080,2400
poco,Poco M6 Pro,19990,84.0,True,False,True,dimensity,8.0,2.5,5100.0,1,120.0,8.0,128.0,6.73,120,3,1.0,android,108.0,32.0,1,1024.0,1080,2400
oppo,OPPO A97 5G,23990,79.0,True,False,False,dimensity,8.0,2.4,5000.0,1,33.0,12.0,256.0,6.56,90,2,1.0,android,48.0,8.0,1,1024.0,1080,2400
samsung,Samsung Galaxy A24,17999,77.0,False,False,False,exynos,8.0,1.8,4000.0,1,15.0,6.0,64.0,6.4,60,3,1.0,android,48.0,16.0,1,1024.0,1080,2408
infinix,Infinix Note 13 Pro,16999,80.0,False,False,False,helio,8.0,2.2,5000.0,1,120.0,6.0,128.0,6.91,60,4,1.0,android,108.0,16.0,1,256.0,1080,2460
nokia,Nokia G21,11999,71.0,False,False,False,unisoc,8.0,1.6,5050.0,1,18.0,4.0,64.0,6.5,90,3,1.0,android,50.0,8.0,1,512.0,720,1600
vivo,Vivo Y21s,14990,74.0,False,False,False,helio,8.0,2.0,5000.0,1,18.0,4.0,128.0,6.51,60,3,1.0,android,50.0,8.0,1,1024.0,720,1600
oppo,OPPO F19s,15988,79.0,False,False,False,snapdragon,8.0,2.0,5000.0,1,33.0,6.0,128.0,6.43,60,3,1.0,android,48.0,16.0,1,256.0,1080,2400
samsung,Samsung Galaxy M21 2021,11725,76.0,False,False,False,exynos,8.0,2.3,6000.0,1,15.0,4.0,64.0,6.4,60,3,1.0,android,48.0,20.0,1,512.0,1080,2340
oppo,OPPO F19 Pro,17994,80.0,False,False,False,helio,8.0,2.2,4310.0,1,30.0,8.0,128.0,6.43,60,4,1.0,android,48.0,16.0,1,256.0,1080,2400
oneplus,OnePlus Nord N10,25595,81.0,True,True,False,snapdragon,8.0,2.0,4300.0,1,30.0,6.0,128.0,6.49,90,4,1.0,android,64.0,16.0,1,512.0,1080,2400
poco,Poco M2,10890,74.0,False,False,True,helio,8.0,2.0,5000.0,1,18.0,6.0,64.0,6.53,60,4,1.0,android,13.0,8.0,1,512.0,1080,2340
oppo,OPPO F17 Pro,18990,83.0,False,False,False,helio,8.0,2.2,4015.0,1,30.0,8.0,128.0,6.43,60,4,2.0,android,48.0,16.0,1,256.0,1080,2400
motorola,Motorola Moto G 5G,19990,82.0,True,True,False,snapdragon,8.0,2.2,5000.0,1,20.0,6.0,128.0,6.67,60,3,1.0,android,48.0,16.0,1,1024.0,1080,2400
samsung,Samsung Galaxy A50s,15990,80.0,False,True,False,exynos,8.0,2.3,4000.0,1,15.0,4.0,128.0,6.4,60,3,1.0,android,48.0,32.0,1,512.0,1080,2340
samsung,Samsung Galaxy Note 10 Plus,58999,89.0,False,True,False,exynos,8.0,2.73,4300.0,1,45.0,12.0,256.0,6.8,60,4,1.0,android,12.0,10.0,1,1024.0,1440,3040
vivo,Vivo S1 Pro,29999,82.0,False,False,False,snapdragon,8.0,2.0,4500.0,1,18.0,8.0,128.0,6.38,60,4,1.0,android,48.0,32.0,1,256.0,1080,2340
vivo,Vivo T3 Pro,31990,86.0,True,False,False,snapdragon,8.0,2.7,4700.0,1,80.0,8.0,256.0,6.67,120,3,1.0,android,64.0,32.0,1,1024.0,1080,2408
iqoo,iQOO Z7 Pro 5G,24999,80.0,True,False,False,snapdragon,8.0,2.36,5000.0,1,67.0,6.0,128.0,6.62,144,3,1.0,android,50.0,16.0,1,1024.0,1080,2412
infinix,Infinix Note 11S (8GB RAM + 128GB),15999,79.0,False,False,False,helio,8.0,2.05,5000.0,1,33.0,8.0,128.0,6.95,120,3,1.0,android,50.0,16.0,1,2048.0,1080,2460
xiaomi,Xiaomi Redmi 10 Prime (6GB RAM + 128GB),12999,77.0,False,False,True,helio,8.0,2.0,6000.0,1,18.0,6.0,128.0,6.5,90,4,1.0,android,50.0,8.0,1,512.0,1080,2400
poco,Poco M3,11499,75.0,False,False,True,snapdragon,8.0,2.0,6000.0,1,18.0,6.0,64.0,6.53,60,3,1.0,android,48.0,8.0,1,512.0,1080,2340
vivo,Vivo V19 (8GB RAM + 256GB),27990,84.0,False,False,False,snapdragon,8.0,2.3,4500.0,1,33.0,8.0,256.0,6.44,60,4,2.0,android,48.0,32.0,1,512.0,1080,2400
samsung,Samsung Galaxy S20 5G,74999,89.0,True,True,False,exynos,8.0,2.73,4000.0,1,25.0,8.0,128.0,6.2,60,3,1.0,android,64.0,10.0,1,1024.0,1440,3200
vivo,Vivo U3,9990,72.0,False,False,False,snapdragon,8.0,2.0,5000.0,1,18.0,4.0,64.0,6.53,60,3,1.0,android,16.0,16.0,1,256.0,1080,2340
oppo,Oppo K5 (8GB RAM + 128GB),19990,82.0,False,False,False,snapdragon,8.0,2.2,4000.0,1,30.0,8.0,128.0,6.4,60,4,1.0,android,64.0,32.0,1,256.0,1080,2340
realme,Realme XT,13279,75.0,False,False,False,snapdragon,8.0,2.3,4000.0,1,20.0,4.0,64.0,6.4,60,4,1.0,android,64.0,16.0,1,256.0,1080,2340
poco,Poco C50 (3GB RAM + 32GB),7299,61.0,False,False,False,helio,4.0,2.0,5000.0,1,10.0,3.0,32.0,6.52,60,2,1.0,android,8.0,5.0,1,512.0,720,1600
tecno,Tecno Pova Neo 5G,15499,71.0,False,False,False,dimensity,8.0,2.4,6000.0,1,18.0,4.0,128.0,6.8,120,2,1.0,android,50.0,8.0,1,1024.0,1080,2400
samsung,Samsung Galaxy A03 (4GB RAM + 64GB),11499,69.0,False,False,False,unisoc,8.0,1.6,5000.0,1,15.0,4.0,64.0,6.5,60,2,1.0,android,48.0,5.0,1,1024.0,720,1560
vivo,Vivo Y33T,15990,81.0,False,False,False,snapdragon,8.0,2.4,5000.0,1,18.0,8.0,128.0,6.58,90,3,1.0,android,50.0,16.0,1,1024.0,1080,2408
xiaomi,Xiaomi 11i 5G (8GB RAM + 128GB),24990,83.0,True,False,True,dimensity,8.0,2.5,5160.0,1,67.0,8.0,128.0,6.67,120,3,1.0,android,108.0,16.0,1,1024.0,2400,1080
vivo,Vivo Y21e,12499,69.0,False,False,False,snapdragon,8.0,2.4,5000.0,1,18.0,3.0,64.0,6.51,60,2,1.0,android,13.0,8.0,1,1024.0,720,1600
samsung,Samsung Galaxy A03s,8499,67.0,False,False,False,helio,8.0,2.3,5000.0,1,15.0,3.0,32.0,6.5,60,3,1.0,android,13.0,5.0,1,1024.0,720,1600
realme,Realme Narzo 30 5G,16999,80.0,True,True,False,dimensity,8.0,2.2,5000.0,1,18.0,6.0,128.0,6.5,90,3,1.0,android,48.0,16.0,1,1024.0,1080,2400
xiaomi,Xiaomi Redmi 9 Power,11499,74.0,False,False,True,snapdragon,8.0,2.0,6000.0,1,18.0,4.0,64.0,6.53,60,4,1.0,android,48.0,8.0,1,512.0,1080,2340
poco,POCO M2 Pro,12799,76.0,False,False,True,snapdragon,8.0,2.3,5000.0,1,33.0,4.0,64.0,6.67,60,4,1.0,android,48.0,16.0,1,512.0,1080,2400
samsung,Samsung Galaxy S20 Plus,83000,88.0,False,True,False,exynos,8.0,2.73,4500.0,1,25.0,8.0,128.0,6.7,120,4,1.0,android,64.0,10.0,1,1024.0,1440,3200
realme,Realme 6 Pro,14490,80.0,False,False,False,snapdragon,8.0,2.3,4300.0,1,30.0,6.0,64.0,6.6,90,4,2.0,android,64.0,16.0,1,256.0,1080,2400
xiaomi,Xiaomi Redmi 13 Prime 5G,17990,79.0,True,False,True,snapdragon,8.0,2.0,5100.0,1,18.0,6.0,128.0,6.73,120,2,1.0,android,64.0,16.0,1,1024.0,1080,2408
xiaomi,Xiaomi Redmi 11 Prime (6GB RAM + 128GB),13774,76.0,False,False,True,helio,8.0,2.2,5000.0,1,18.0,6.0,128.0,6.58,90,3,1.0,android,50.0,8.0,1,512.0,1080,2400
realme,Realme Narzo 50i Prime,7999,61.0,False,False,False,tiger,8.0,1.82,5000.0,1,10.0,3.0,32.0,6.5,60,1,1.0,android,8.0,5.0,1,1024.0,720,1600
infinix,Infinix Note 12 (6GB RAM + 128GB),12999,77.0,False,False,False,helio,8.0,2.0,5000.0,1,33.0,6.0,128.0,6.7,60,3,1.0,android,50.0,16.0,1,512.0,2400,1080
xiaomi,Xiaomi Redmi Note 11 Pro 4G,17999,81.0,False,False,True,helio,8.0,2.05,5000.0,1,67.0,6.0,128.0,6.67,120,4,1.0,android,108.0,16.0,1,1024.0,1080,2400
realme,Realme Narzo 50A Prime,11399,73.0,False,False,False,tiger,8.0,1.82,5000.0,1,18.0,4.0,64.0,6.6,60,3,1.0,android,50.0,8.0,1,1024.0,1080,2408
vivo,Vivo Y21T,15499,74.0,False,False,False,snapdragon,8.0,2.4,5000.0,1,18.0,4.0,128.0,6.51,90,3,1.0,android,50.0,8.0,1,1024.0,1600,720
xiaomi,Xiaomi Redmi Note 10 Lite (4GB RAM + 128GB),12499,77.0,False,False,True,snapdragon,8.0,2.3,5020.0,1,18.0,4.0,128.0,6.67,60,4,1.0,android,48.0,16.0,1,512.0,1080,2400
xiaomi,Xiaomi Mi 11 Lite (8GB RAM + 128GB),18699,82.0,False,False,True,snapdragon,8.0,2.3,4250.0,1,33.0,8.0,128.0,6.55,90,3,1.0,android,64.0,16.0,1,512.0,1080,2400
xiaomi,Xiaomi Redmi 9i (4GB RAM + 128GB),9299,67.0,False,False,False,helio,8.0,2.0,5000.0,1,10.0,4.0,128.0,6.53,60,1,1.0,android,13.0,5.0,1,512.0,720,1600
realme,Realme 6 (6GB RAM + 64GB),12989,77.0,False,False,False,helio,8.0,2.05,4300.0,1,30.0,6.0,64.0,6.5,90,4,1.0,android,64.0,16.0,1,256.0,1080,2400
huawei,Huawei Nova 7i,21990,81.0,False,False,False,kirin,8.0,2.2,4200.0,1,40.0,8.0,128.0,6.4,60,4,1.0,android,48.0,16.0,1,256.0,1080,2340
vivo,Vivo Y19,20000,73.0,False,False,False,helio,8.0,2.0,5000.0,1,18.0,4.0,128.0,6.53,60,3,1.0,android,16.0,16.0,1,256.0,1080,2340
vivo,Vivo U3 (6GB RAM + 64GB),11990,74.0,False,False,False,snapdragon,8.0,2.0,5000.0,1,18.0,6.0,64.0,6.53,60,3,1.0,android,16.0,16.0,1,256.0,1080,2340
xiaomi,Xiaomi Redmi Note 9,11989,75.0,False,False,True,helio,8.0,2.0,5020.0,1,22.0,4.0,64.0,6.53,60,4,1.0,android,48.0,13.0,1,512.0,1080,2340
xiaomi,Xiaomi Redmi 8 (4GB RAM + 64GB),11490,66.0,False,False,True,snapdragon,8.0,2.0,5000.0,1,18.0,4.0,64.0,6.22,60,2,1.0,android,12.0,8.0,1,512.0,720,1520
motorola,Motorola One Macro,11490,68.0,False,False,False,helio,8.0,2.0,4000.0,1,10.0,4.0,64.0,6.2,60,3,1.0,android,13.0,8.0,1,512.0,720,1520
samsung,Samsung Galaxy A40,17990,69.0,False,False,False,exynos,8.0,2.2,3100.0,1,15.0,4.0,64.0,5.9,60,2,1.0,android,16.0,25.0,1,512.0,1080,2340
samsung,Samsung Galaxy S10 5G,78990,86.0,True,True,False,exynos,8.0,2.7,4500.0,1,25.0,8.0,256.0,6.7,60,3,1.0,android,16.0,10.0,1,512.0,1440,3040
doogee,Doogee V Max,45999,88.0,True,False,False,dimensity,8.0,2.6,22000.0,1,33.0,12.0,256.0,6.58,120,3,1.0,android,108.0,32.0,1,2048.0,1080,2408
poco,Poco M5 (6GB RAM + 128GB),14499,77.0,False,False,True,helio,8.0,2.2,5000.0,1,18.0,6.0,128.0,6.58,90,3,1.0,android,50.0,8.0,1,512.0,1080,2400
nokia,Nokia X30,41990,85.0,True,True,False,snapdragon,8.0,2.2,4200.0,1,33.0,6.0,128.0,6.43,90,2,1.0,android,50.0,16.0,1,1024.0,1080,2400
infinix,Infinix Note 12 VIP,19999,84.0,False,False,False,helio,8.0,2.05,4500.0,1,120.0,8.0,128.0,6.7,120,3,1.0,android,108.0,16.0,1,256.0,1080,2400
realme,Realme Narzo 50A Prime (4GB RAM + 128GB),11879,74.0,False,False,False,tiger,8.0,1.82,5000.0,1,18.0,4.0,128.0,6.6,60,3,1.0,android,50.0,8.0,1,1024.0,1080,2408
xiaomi,Xiaomi Redmi Note 12T 5G,15999,78.0,True,False,True,dimensity,8.0,2.0,5000.0,1,33.0,6.0,64.0,6.52,90,3,1.0,android,64.0,16.0,1,512.0,1080,2400
tecno,Tecno Pova 2,10999,74.0,False,False,False,helio,8.0,2.0,7000.0,1,18.0,4.0,64.0,6.95,60,4,1.0,android,48.0,8.0,1,256.0,1080,2460
poco,Poco X4,14990,79.0,True,False,False,dimensity,8.0,2.2,5000.0,1,67.0,6.0,128.0,6.67,120,3,1.0,android,50.0,16.0,1,1024.0,1080,2400
motorola,Motorola Moto G40 Fusion,14499,77.0,False,False,False,snapdragon,8.0,2.3,6000.0,1,20.0,4.0,64.0,6.78,120,3,1.0,android,64.0,16.0,1,256.0,1080,2460
realme,Realme 8 (8GB RAM + 128GB),17999,83.0,False,False,False,helio,8.0,2.0,5000.0,1,30.0,8.0,128.0,6.4,60,4,1.0,android,64.0,16.0,1,256.0,1080,2400
realme,Realme Narzo 30 Pro 5G (8GB RAM +128GB),19999,83.0,True,False,False,dimensity,8.0,2.4,5000.0,1,30.0,8.0,128.0,6.5,120,3,1.0,android,48.0,16.0,1,256.0,1080,2400
oneplus,OnePlus Nord SE,19999,73.0,False,False,False,snapdragon,8.0,2.0,4500.0,1,65.0,4.0,64.0,6.3,60,4,1.0,android,48.0,13.0,1,256.0,1080,2400
samsung,Samsung Galaxy M12,10999,72.0,False,False,False,exynos,8.0,2.0,6000.0,1,15.0,4.0,64.0,6.5,90,4,1.0,android,48.0,8.0,1,1024.0,720,1600
oneplus,OnePlus Nord N100,16990,68.0,False,False,False,snapdragon,8.0,1.8,5000.0,1,18.0,4.0,64.0,6.52,90,3,1.0,android,13.0,8.0,1,256.0,720,1600
xiaomi,Xiaomi Redmi Note 9 Pro (4GB RAM + 128GB),14439,77.0,False,False,True,snapdragon,8.0,2.3,5020.0,1,18.0,4.0,128.0,6.67,60,4,1.0,android,48.0,16.0,1,512.0,1080,2400
xiaomi,Xiaomi Redmi Note 8 Pro,16999,78.0,False,False,True,helio,8.0,2.05,4500.0,1,18.0,6.0,64.0,6.53,60,4,1.0,android,64.0,20.0,1,512.0,1080,2340
xiaomi,Xiaomi Redmi A1 Plus (3GB RAM + 32GB),8399,61.0,False,False,False,helio,4.0,2.0,5000.0,1,10.0,3.0,32.0,6.52,60,2,1.0,android,8.0,5.0,1,512.0,720,1600
infinix,Infinix Note 12 Turbo,14999,79.0,False,False,False,helio,8.0,2.0,5000.0,1,33.0,8.0,128.0,6.7,60,3,1.0,android,50.0,16.0,1,512.0,2400,1080
iqoo,iQOO Z8 5G,14999,78.0,True,False,False,snapdragon,8.0,2.2,5000.0,1,18.0,4.0,128.0,6.58,120,3,1.0,android,50.0,16.0,1,1024.0,1080,2412
vivo,Vivo Y55 4G,22990,83.0,False,False,False,snapdragon,8.0,2.4,5000.0,1,44.0,8.0,128.0,6.44,120,3,1.0,android,50.0,16.0,1,1024.0,1080,2400
xiaomi,Xiaomi 11i HyperCharge 5G (8GB RAM + 128GB),26999,86.0,True,False,True,dimensity,8.0,2.5,4500.0,1,120.0,8.0,128.0,6.67,120,3,1.0,android,108.0,16.0,1,1024.0,2400,1080
samsung,Samsung Galaxy F42 5G (8GB RAM + 128GB),22999,82.0,True,False,False,dimensity,8.0,2.2,5000.0,1,15.0,8.0,128.0,6.6,90,3,1.0,android,64.0,8.0,1,1024.0,1080,2408
oppo,Oppo Reno 5A,22990,80.0,True,False,False,snapdragon,8.0,2.4,4000.0,1,18.0,6.0,128.0,6.5,90,4,1.0,android,64.0,16.0,1,1024.0,1080,2400
realme,Realme 8i,12499,74.0,False,False,False,helio,8.0,2.05,5000.0,1,18.0,4.0,64.0,6.6,120,3,1.0,android,50.0,16.0,1,256.0,1080,2412
samsung,Samsung Galaxy A22,18499,76.0,False,False,False,helio,8.0,2.0,5000.0,1,15.0,6.0,128.0,6.4,60,4,1.0,android,48.0,13.0,1,1024.0,720,1600
samsung,Samsung Galaxy F12,10499,73.0,False,False,False,exynos,8.0,2.0,6000.0,1,15.0,4.0,64.0,6.5,90,4,1.0,android,48.0,8.0,1,512.0,720,1600
samsung,Samsung Galaxy F41 (6GB RAM + 128GB),19999,82.0,False,False,False,exynos,8.0,2.3,6000.0,1,15.0,6.0,128.0,6.4,60,3,1.0,android,64.0,32.0,1,512.0,1080,2340
oppo,OPPO A53 2020 (6GB RAM + 128GB),13990,70.0,False,False,False,snapdragon,8.0,1.8,5000.0,1,18.0,6.0,128.0,6.5,90,3,1.0,android,13.0,16.0,1,256.0,1600,720
realme,Realme Narzo 20,10499,72.0,False,False,False,helio,8.0,2.0,6000.0,1,18.0,4.0,64.0,6.5,60,3,1.0,android,48.0,8.0,1,256.0,720,1600
oppo,OPPO A58x,13990,72.0,True,False,False,dimensity,8.0,2.2,5000.0,1,10.0,6.0,128.0,6.56,90,2,1.0,android,13.0,8.0,1,1024.0,720,1612
doogee,Doogee S99,14999,84.0,False,True,False,helio,8.0,2.05,6000.0,1,33.0,8.0,128.0,6.3,60,3,1.0,android,108.0,32.0,1,1024.0,1080,2340
realme,Realme Narzo 50i Prime (4GB RAM + 64GB),8720,64.0,False,False,False,tiger,8.0,1.82,5000.0,1,10.0,4.0,64.0,6.5,60,1,1.0,android,8.0,5.0,1,1024.0,720,1600
honor,Honor X8 5G,14990,75.0,True,False,False,snapdragon,8.0,2.2,5000.0,1,22.0,6.0,128.0,6.5,60,3,1.0,android,48.0,8.0,1,1024.0,720,1600
